,mse,mape
HD,14.286167615986654,0.657456483157971
MSFT,9.149559433246413,0.806271872705335
XOM,1.16876991223868,0.6590544138986737
UNH,30.010606998627065,0.7313483510312824
WAT,16.676858208503006,0.7619265055430389
ADSK,17.980777139730808,1.0627991058601152
