,mape,mse
MSFT,5.621219471530503,203.82635041356917
