,mape,mse
MSFT,6.276005368029232,271.25409234436376
